date;categorie;montant
2026-09-30;Livres;9.19
2026-09-09;Informatique;81.24
2026-09-16;Maison;46.72
2026-10-01;Sport;222.74
2026-10-03;Jeux;194.49
2026-08-21;Musique;11.41
2026-10-11;Papeterie;31.70
2026-09-17;Cinema;77.23
2026-08-11;Livres;198.26
2026-10-11;Informatique;184.90
2026-09-19;Maison;235.62
2026-08-22;Sport;73.23
2026-08-18;Jeux;194.09
2026-09-09;Musique;3.12
2026-09-24;Papeterie;229.76
2026-08-21;Cinema;112.49
2026-09-09;Livres;51.94
2026-09-17;Informatique;111.29
2026-10-01;Maison;31.39
2026-08-27;Sport;32.69
2026-08-30;Jeux;113.70
2026-09-11;Musique;15.23
2026-08-17;Papeterie;176.71
2026-09-29;Cinema;125.03
2026-10-04;Livres;181.89
2026-09-07;Informatique;206.99
2026-08-29;Maison;190.18
2026-09-20;Sport;231.87
2026-10-06;Jeux;16.01
2026-09-15;Musique;95.82
2026-10-04;Papeterie;77.28
2026-10-02;Cinema;125.55
2026-09-09;Livres;149.57
2026-08-29;Informatique;54.29
2026-08-28;Maison;117.41
2026-09-18;Sport;220.60
2026-09-10;Jeux;230.97
2026-10-05;Musique;200.60
2026-09-23;Papeterie;176.02
2026-09-13;Cinema;54.54
2026-08-16;Livres;125.33
2026-09-10;Informatique;210.71
2026-09-16;Maison;225.33
2026-09-03;Sport;19.32
2026-09-15;Jeux;11.51
2026-09-04;Musique;132.45
2026-09-10;Papeterie;22.68
2026-09-17;Cinema;186.85
2026-09-04;Livres;70.67
2026-08-12;Informatique;130.64
2026-08-17;Maison;47.81
2026-09-11;Sport;46.75
2026-09-13;Jeux;245.11
2026-09-11;Musique;245.78
2026-08-21;Papeterie;192.21
2026-08-24;Cinema;119.61
2026-09-16;Livres;46.32
2026-08-10;Informatique;162.71
2026-10-03;Maison;248.65
2026-10-08;Sport;36.92
2026-09-25;Jeux;206.60
2026-09-24;Musique;223.98
2026-08-21;Papeterie;196.43
2026-10-06;Cinema;127.08
2026-08-27;Livres;196.26
2026-08-16;Informatique;174.38
2026-09-12;Maison;182.28
2026-10-13;Sport;223.91
2026-09-30;Jeux;224.38
2026-09-10;Musique;211.03
2026-09-01;Papeterie;37.55
2026-09-07;Cinema;143.46
2026-09-24;Livres;149.67
2026-10-14;Informatique;237.61
2026-09-11;Maison;165.03
2026-09-22;Sport;167.35
2026-10-01;Jeux;205.89
2026-09-06;Musique;210.37
2026-08-11;Papeterie;200.54
2026-09-19;Cinema;51.08
2026-08-28;Livres;53.93
2026-10-14;Informatique;197.26
2026-09-03;Maison;161.10
2026-10-12;Sport;37.65
2026-08-29;Jeux;101.76
2026-09-14;Musique;19.98
2026-09-14;Papeterie;186.91
2026-10-04;Cinema;29.06
2026-08-13;Livres;23.67
2026-09-28;Informatique;43.07
2026-08-15;Maison;181.15
2026-09-23;Sport;87.85
2026-08-21;Jeux;70.40
2026-09-19;Musique;234.61
2026-09-05;Papeterie;131.74
2026-08-28;Cinema;144.55
2026-08-18;Livres;40.65
2026-09-13;Informatique;74.62
2026-10-06;Maison;111.78
2026-10-12;Sport;193.77
2026-09-15;Jeux;193.82
2026-09-16;Musique;3.35
2026-10-05;Papeterie;232.94
2026-10-07;Cinema;76.01
2026-10-06;Livres;11.29
2026-09-02;Informatique;24.21
2026-08-10;Maison;78.98
2026-09-09;Sport;220.21
2026-08-13;Jeux;71.20
2026-09-28;Musique;238.02
2026-08-15;Papeterie;80.62
2026-08-15;Cinema;134.38
2026-09-20;Livres;31.90
2026-10-02;Informatique;216.93
2026-08-20;Maison;117.09
2026-08-21;Sport;135.70
2026-08-16;Jeux;239.90
2026-10-08;Musique;221.64
2026-10-02;Papeterie;20.86
2026-08-24;Cinema;239.62
2026-09-01;Livres;36.80
2026-09-13;Informatique;63.78
2026-09-20;Maison;176.73
2026-08-18;Sport;46.93
2026-08-21;Jeux;61.12
2026-09-09;Musique;152.59
2026-09-13;Papeterie;25.70
2026-08-19;Cinema;181.33
2026-10-02;Livres;17.57
2026-10-13;Informatique;31.56
2026-09-14;Maison;55.49
2026-08-23;Sport;160.13
2026-08-14;Jeux;71.04
2026-08-24;Musique;20.21
2026-09-23;Papeterie;125.18
2026-10-14;Cinema;128.93
2026-09-11;Livres;150.09
2026-09-08;Informatique;139.61
2026-08-13;Maison;51.72
2026-09-20;Sport;98.22
2026-09-17;Jeux;20.16
2026-10-07;Musique;246.09
2026-09-04;Papeterie;19.73
2026-10-08;Cinema;192.42
2026-08-14;Livres;165.77
2026-09-24;Informatique;19.63
2026-08-10;Maison;27.25
2026-09-21;Sport;23.45
2026-10-06;Jeux;222.25
2026-09-14;Musique;133.30
2026-09-29;Papeterie;187.67
2026-09-13;Cinema;190.70
2026-10-09;Livres;203.95
2026-10-04;Informatique;138.37
2026-09-04;Maison;86.44
2026-09-18;Sport;220.45
2026-09-04;Jeux;79.21
2026-09-11;Musique;130.69
2026-09-28;Papeterie;221.09
2026-09-06;Cinema;150.82
2026-09-04;Livres;247.37
2026-10-05;Informatique;4.05
2026-08-17;Maison;204.54
2026-10-02;Sport;25.00
2026-09-17;Jeux;166.76
2026-09-11;Musique;44.40
2026-08-31;Papeterie;23.54
2026-09-13;Cinema;122.08
2026-09-08;Livres;52.69
2026-08-19;Informatique;179.00
2026-09-06;Maison;201.43
2026-10-13;Sport;219.84
2026-09-06;Jeux;218.37
2026-10-01;Musique;45.00
2026-09-11;Papeterie;38.82
2026-10-01;Cinema;244.27
2026-09-25;Livres;90.24
2026-09-08;Informatique;199.19
2026-09-18;Maison;236.14
2026-09-01;Sport;67.71
2026-09-11;Jeux;166.61
2026-08-13;Musique;83.28
2026-10-08;Papeterie;31.24
2026-08-21;Cinema;91.66
2026-10-09;Livres;2.16
2026-09-02;Informatique;43.86
2026-09-11;Maison;53.94
2026-08-19;Sport;181.77
2026-08-21;Jeux;184.79
2026-10-13;Musique;37.65
2026-10-05;Papeterie;227.43
2026-09-25;Cinema;179.77
2026-10-10;Livres;121.98
2026-09-26;Informatique;141.83
2026-09-28;Maison;14.70
2026-09-05;Sport;120.48
2026-10-09;Jeux;118.24
2026-09-18;Musique;224.49
2026-09-13;Papeterie;219.54
2026-10-01;Cinema;116.89
2026-08-23;Livres;204.37
2026-09-25;Informatique;78.57
2026-09-24;Maison;59.01
2026-08-23;Sport;9.12
2026-09-22;Jeux;242.35
2026-09-02;Musique;135.91
2026-09-13;Papeterie;88.42
2026-09-24;Cinema;230.79
2026-10-01;Livres;126.35
2026-10-10;Informatique;155.23
2026-09-16;Maison;66.39
2026-08-17;Sport;115.57
2026-09-05;Jeux;75.57
2026-09-16;Musique;8.75
2026-09-20;Papeterie;131.56
2026-09-02;Cinema;92.29
2026-10-06;Livres;92.46
2026-08-31;Informatique;211.20
2026-08-10;Maison;131.96
2026-09-02;Sport;10.04
2026-09-30;Jeux;86.59
2026-09-22;Musique;191.24
2026-09-11;Papeterie;13.53
2026-10-01;Cinema;196.48
2026-08-20;Livres;114.27
2026-09-04;Informatique;143.99
2026-08-10;Maison;38.89
2026-08-26;Sport;189.93
2026-09-20;Jeux;84.46
2026-10-09;Musique;233.25
2026-08-20;Papeterie;1.55
2026-09-19;Cinema;120.34
2026-08-20;Livres;23.92
2026-09-02;Informatique;205.19
2026-09-04;Maison;218.37
2026-09-29;Sport;236.84
2026-09-06;Jeux;167.17
2026-09-05;Musique;219.52
2026-08-23;Papeterie;107.88
2026-08-24;Cinema;229.46
2026-09-07;Livres;182.66
2026-09-28;Informatique;63.86
2026-08-22;Maison;218.88
2026-08-27;Sport;222.94
2026-09-22;Jeux;202.69
2026-09-06;Musique;134.06
2026-10-14;Papeterie;100.57
2026-09-08;Cinema;69.87
2026-08-20;Livres;191.04
2026-09-03;Informatique;153.36
2026-08-19;Maison;145.88
2026-09-17;Sport;168.50
2026-08-15;Jeux;242.15
2026-09-23;Musique;216.89
2026-10-04;Papeterie;93.99
2026-08-10;Cinema;218.53
2026-09-02;Livres;31.60
2026-09-14;Informatique;221.46
2026-09-05;Maison;74.61
2026-09-19;Sport;49.28
2026-10-11;Jeux;16.14
2026-09-13;Musique;156.69
2026-10-05;Papeterie;150.23
2026-08-22;Cinema;207.36
2026-09-20;Livres;236.38
2026-08-26;Informatique;162.99
2026-08-24;Maison;80.94
2026-09-26;Sport;215.97
2026-10-14;Jeux;247.07
2026-10-01;Musique;140.31
2026-09-16;Papeterie;58.63
2026-08-16;Cinema;17.45
2026-09-13;Livres;40.76
2026-08-17;Informatique;44.69
2026-08-16;Maison;219.75
2026-09-04;Sport;248.48
2026-08-19;Jeux;201.75
2026-08-11;Musique;140.83
2026-08-18;Papeterie;53.15
2026-08-15;Cinema;148.47
2026-09-11;Livres;247.34
2026-09-13;Informatique;209.94
2026-09-09;Maison;171.81
2026-08-13;Sport;206.37
2026-09-14;Jeux;90.98
2026-08-19;Musique;26.38
2026-09-08;Papeterie;77.83
2026-09-10;Cinema;111.05
2026-09-04;Livres;177.99
2026-10-04;Informatique;46.34
2026-09-25;Maison;76.77
2026-08-26;Sport;228.39
2026-09-25;Jeux;232.47
2026-09-17;Musique;22.04
2026-08-22;Papeterie;134.56
2026-09-02;Cinema;178.80
2026-08-16;Livres;137.24
2026-10-07;Informatique;68.77
2026-08-22;Maison;128.62
2026-10-12;Sport;189.64
2026-08-27;Jeux;157.29
2026-10-14;Musique;116.26
2026-09-06;Papeterie;247.89
2026-08-26;Cinema;138.30
2026-09-16;Livres;160.98
2026-09-16;Informatique;90.43
2026-08-20;Maison;160.13
2026-10-11;Sport;128.42
2026-09-01;Jeux;220.17
2026-08-24;Musique;238.29
2026-09-23;Papeterie;154.15
2026-09-28;Cinema;204.90
2026-10-11;Livres;130.11
2026-10-11;Informatique;28.50
2026-08-21;Maison;45.46
2026-08-16;Sport;60.54
2026-10-08;Jeux;86.24
2026-08-27;Musique;108.26
2026-09-17;Papeterie;149.99
2026-09-03;Cinema;111.59
2026-08-27;Livres;92.17
2026-08-22;Informatique;83.66
2026-10-04;Maison;155.11
2026-10-12;Sport;246.44
2026-10-08;Jeux;115.67
2026-09-16;Musique;214.03
2026-10-06;Papeterie;214.56
2026-10-09;Cinema;248.14
2026-10-11;Livres;82.02
2026-09-19;Informatique;7.67
2026-09-25;Maison;79.16
2026-09-28;Sport;156.17
2026-09-30;Jeux;185.80
2026-09-17;Musique;153.38
2026-09-12;Papeterie;121.87
2026-09-23;Cinema;199.53
2026-09-30;Livres;54.66
2026-09-05;Informatique;36.42
2026-10-11;Maison;103.22
2026-08-27;Sport;130.97
2026-09-19;Jeux;25.90
2026-09-13;Musique;34.39
2026-09-06;Papeterie;225.21
2026-09-29;Cinema;186.44
2026-10-09;Livres;114.77
2026-08-21;Informatique;217.76
2026-08-28;Maison;23.59
2026-08-11;Sport;213.18
2026-09-01;Jeux;5.14
2026-08-22;Musique;161.62
2026-10-01;Papeterie;143.05
2026-08-29;Cinema;209.26
2026-08-17;Livres;232.77
2026-09-25;Informatique;143.70
2026-09-22;Maison;241.45
2026-09-10;Sport;202.82
2026-08-14;Jeux;153.32
2026-08-20;Musique;240.54
2026-09-10;Papeterie;106.61
2026-09-13;Cinema;29.39
2026-09-09;Livres;148.71
2026-09-13;Informatique;246.91
2026-08-16;Maison;187.72
2026-08-27;Sport;111.23
2026-10-11;Jeux;162.97
2026-09-03;Musique;60.58
2026-08-13;Papeterie;70.50
2026-08-30;Cinema;85.65
2026-09-01;Livres;92.63
2026-09-09;Informatique;183.12
2026-10-13;Maison;170.28
2026-09-20;Sport;29.05
2026-09-14;Jeux;236.95
2026-08-23;Musique;161.09
2026-09-14;Papeterie;227.29
2026-08-15;Cinema;212.64
2026-08-13;Livres;147.85
2026-10-12;Informatique;31.49
2026-09-07;Maison;73.61
2026-08-24;Sport;227.68
2026-09-13;Jeux;101.33
2026-08-28;Musique;156.07
2026-08-31;Papeterie;140.42
2026-09-02;Cinema;116.28
2026-08-17;Livres;89.77
2026-09-05;Informatique;83.37
2026-09-15;Maison;40.53
2026-09-20;Sport;104.39
2026-09-29;Jeux;244.42
2026-09-21;Musique;63.76
2026-09-17;Papeterie;243.02
2026-08-14;Cinema;91.60
2026-09-08;Livres;33.94
2026-09-20;Informatique;98.07
2026-09-15;Maison;119.25
2026-09-22;Sport;100.04
2026-10-13;Jeux;233.00
2026-09-28;Musique;90.88
2026-10-09;Papeterie;18.86
2026-09-07;Cinema;229.52
2026-09-28;Livres;210.01
2026-08-13;Informatique;34.61
2026-10-13;Maison;189.10
2026-09-08;Sport;154.81
2026-08-14;Jeux;145.33
2026-09-01;Musique;61.41
2026-10-08;Papeterie;83.73
2026-08-14;Cinema;38.38
2026-10-06;Livres;132.30
2026-08-13;Informatique;25.27
2026-10-08;Maison;50.71
2026-09-25;Sport;185.43
2026-09-06;Jeux;28.91
2026-09-13;Musique;39.81
2026-08-22;Papeterie;199.67
2026-09-16;Cinema;172.23
2026-08-27;Livres;148.62
2026-08-19;Informatique;98.43
2026-08-21;Maison;101.06
2026-10-07;Sport;200.76
2026-10-02;Jeux;69.08
2026-09-17;Musique;87.71
2026-10-04;Papeterie;52.46
2026-09-14;Cinema;57.95
2026-10-05;Livres;52.29
2026-10-14;Informatique;134.86
2026-08-18;Maison;226.89
2026-08-15;Sport;96.43
2026-10-10;Jeux;76.85
2026-09-08;Musique;232.65
2026-09-08;Papeterie;231.35
2026-08-17;Cinema;24.32
2026-09-15;Livres;87.68
2026-09-19;Informatique;140.30
2026-09-30;Maison;179.44
2026-09-16;Sport;213.21
2026-09-25;Jeux;88.04
2026-09-26;Musique;24.39
2026-10-07;Papeterie;55.36
2026-09-05;Cinema;195.98
2026-09-08;Livres;144.90
2026-09-29;Informatique;154.58
2026-09-06;Maison;230.28
2026-08-24;Sport;90.20
2026-08-11;Jeux;177.94
2026-08-12;Musique;144.44
2026-10-04;Papeterie;196.96
2026-10-09;Cinema;142.56
2026-09-03;Livres;198.82
2026-09-12;Informatique;9.47
2026-10-03;Maison;76.01
2026-10-12;Sport;221.29
2026-09-10;Jeux;189.82
2026-10-09;Musique;248.81
2026-09-22;Papeterie;155.17
2026-08-19;Cinema;92.14
2026-09-21;Livres;192.80
2026-08-20;Informatique;209.00
2026-08-13;Maison;30.89
2026-08-15;Sport;115.01
2026-08-23;Jeux;110.21
2026-09-03;Musique;220.58
2026-10-01;Papeterie;53.69
2026-09-02;Cinema;135.88
2026-08-12;Livres;95.44
2026-08-24;Informatique;181.25
2026-10-10;Maison;150.03
2026-10-03;Sport;104.06
2026-09-12;Jeux;106.93
2026-09-30;Musique;133.44
2026-08-10;Papeterie;1.37
2026-08-16;Cinema;136.41
2026-10-08;Livres;62.46
2026-08-29;Informatique;205.02
2026-08-12;Maison;205.93
2026-08-19;Sport;17.91
2026-09-18;Jeux;88.50
2026-09-28;Musique;95.38
2026-08-19;Papeterie;229.80
2026-08-13;Cinema;40.78
2026-10-11;Livres;207.44
2026-09-14;Informatique;233.58
2026-09-24;Maison;102.82
2026-10-13;Sport;181.96
2026-08-23;Jeux;31.54
2026-09-16;Musique;38.17
2026-08-16;Papeterie;39.49
2026-09-25;Cinema;164.30
2026-09-07;Livres;167.74
2026-09-10;Informatique;137.14
2026-08-14;Maison;155.73
2026-09-13;Sport;150.67
2026-09-26;Jeux;126.69
2026-09-20;Musique;197.40
2026-08-10;Papeterie;245.54
2026-09-27;Cinema;23.87
2026-09-09;Livres;136.96
2026-09-01;Informatique;167.37
2026-09-10;Maison;1.84
2026-09-08;Sport;238.91
2026-09-06;Jeux;193.32
2026-08-13;Musique;49.69
2026-08-18;Papeterie;177.48
2026-08-14;Cinema;114.09
2026-09-02;Livres;181.85
2026-08-27;Informatique;150.20
2026-09-03;Maison;62.81
2026-09-14;Sport;188.36
2026-08-26;Jeux;77.53
2026-08-23;Musique;15.30
2026-09-04;Papeterie;245.02
2026-08-15;Cinema;232.08
2026-08-27;Livres;127.51
2026-09-25;Informatique;163.30
2026-10-10;Maison;42.36
2026-08-11;Sport;194.39
2026-09-02;Jeux;33.88
2026-08-19;Musique;33.67
2026-08-17;Papeterie;6.02
2026-09-26;Cinema;135.34
2026-09-25;Livres;25.51
2026-08-15;Informatique;87.84
2026-09-01;Maison;205.22
2026-08-25;Sport;213.93
2026-10-04;Jeux;108.66
2026-08-27;Musique;104.76
2026-08-13;Papeterie;178.28
2026-10-10;Cinema;203.32
2026-10-06;Livres;77.92
2026-09-08;Informatique;75.54
2026-10-03;Maison;143.20
2026-10-02;Sport;208.66
2026-10-02;Jeux;146.38
2026-09-23;Musique;228.41
2026-09-06;Papeterie;10.48
2026-10-09;Cinema;107.29
2026-10-07;Livres;97.13
2026-08-30;Informatique;123.82
2026-08-20;Maison;48.70
2026-09-13;Sport;175.05
2026-08-23;Jeux;186.44
2026-09-21;Musique;56.70
2026-09-22;Papeterie;26.87
2026-08-27;Cinema;204.06
2026-09-14;Livres;164.07
2026-09-26;Informatique;77.08
2026-08-16;Maison;210.02
2026-09-12;Sport;151.59
2026-09-12;Jeux;219.51
2026-10-13;Musique;153.45
2026-09-08;Papeterie;223.03
2026-09-24;Cinema;25.20
2026-08-19;Livres;114.23
2026-09-06;Informatique;210.36
2026-08-21;Maison;227.20
2026-09-12;Sport;150.69
2026-09-06;Jeux;66.27
2026-08-26;Musique;159.33
2026-10-01;Papeterie;78.72
2026-08-27;Cinema;188.40
2026-08-30;Livres;189.35
2026-09-07;Informatique;230.13
2026-09-07;Maison;8.18
2026-08-25;Sport;90.94
2026-10-13;Jeux;186.44
2026-10-08;Musique;199.70
2026-08-12;Papeterie;94.78
2026-09-15;Cinema;199.92
2026-08-30;Livres;72.76
2026-09-20;Informatique;204.45
2026-09-12;Maison;223.08
2026-09-27;Sport;206.86
2026-10-02;Jeux;206.60
2026-10-09;Musique;102.23
2026-08-19;Papeterie;11.93
2026-08-29;Cinema;240.97
2026-09-28;Livres;30.53
2026-09-07;Informatique;108.05
2026-08-22;Maison;58.55
2026-09-19;Sport;44.30
2026-08-29;Jeux;174.94
2026-08-11;Musique;90.30
2026-09-23;Papeterie;85.20
2026-08-14;Cinema;97.71
2026-09-01;Livres;38.73
2026-08-16;Informatique;25.67
2026-09-26;Maison;248.12
2026-09-16;Sport;222.61
2026-08-25;Jeux;183.62
2026-08-29;Musique;30.59
2026-08-25;Papeterie;5.56
2026-09-11;Cinema;176.82
2026-09-29;Livres;150.02
2026-08-28;Informatique;221.47
2026-09-11;Maison;192.54
2026-08-27;Sport;210.23
2026-08-28;Jeux;36.50
2026-09-15;Musique;155.49
2026-10-11;Papeterie;204.01
2026-09-03;Cinema;200.91
2026-09-16;Livres;213.22
2026-10-06;Informatique;209.20
2026-08-16;Maison;230.72
2026-09-06;Sport;213.74
2026-08-23;Jeux;39.23
2026-09-27;Musique;15.85
2026-10-10;Papeterie;100.73
2026-08-12;Cinema;39.05
2026-10-02;Livres;77.93
2026-09-27;Informatique;128.35
2026-08-17;Maison;122.57
2026-08-22;Sport;193.45
2026-09-25;Jeux;136.94
2026-10-02;Musique;161.34
2026-08-23;Papeterie;92.66
2026-10-10;Cinema;227.19
2026-08-28;Livres;72.19
2026-08-19;Informatique;146.71
2026-09-14;Maison;119.84
2026-10-02;Sport;225.68
2026-08-28;Jeux;179.41
2026-08-30;Musique;20.84
2026-08-25;Papeterie;91.40
2026-09-20;Cinema;41.02
2026-08-17;Livres;31.03
2026-09-17;Informatique;211.27
2026-10-12;Maison;17.57
2026-09-02;Sport;80.81
2026-09-28;Jeux;186.00
2026-09-18;Musique;23.48
2026-09-18;Papeterie;193.14
2026-09-17;Cinema;77.34
2026-09-02;Livres;49.35
2026-10-14;Informatique;91.85
2026-09-26;Maison;43.59
2026-09-12;Sport;58.17
2026-09-30;Jeux;217.61
2026-10-11;Musique;44.18
2026-10-13;Papeterie;118.38
2026-09-14;Cinema;193.95
2026-09-03;Livres;6.17
2026-09-22;Informatique;87.95
2026-10-08;Maison;42.53
2026-08-22;Sport;173.38
2026-09-30;Jeux;245.33
2026-10-06;Musique;157.05
2026-08-18;Papeterie;119.63
2026-08-10;Cinema;195.53
2026-10-01;Livres;149.11
2026-08-11;Informatique;73.59
2026-10-09;Maison;239.30
2026-09-06;Sport;151.09
2026-10-11;Jeux;20.93
2026-08-14;Musique;132.60
2026-08-21;Papeterie;225.82
2026-10-01;Cinema;161.65
2026-08-19;Livres;25.08
2026-10-04;Informatique;106.54
2026-09-26;Maison;22.52
2026-09-28;Sport;91.11
2026-09-03;Jeux;125.81
2026-09-07;Musique;149.67
2026-08-11;Papeterie;199.38
2026-08-20;Cinema;33.49
2026-09-30;Livres;215.53
2026-09-17;Informatique;141.92
2026-08-18;Maison;75.87
2026-08-23;Sport;112.06
2026-08-17;Jeux;131.65
2026-08-22;Musique;240.07
2026-10-02;Papeterie;103.41
2026-08-21;Cinema;103.40
2026-09-12;Livres;123.65
2026-09-25;Informatique;226.05
2026-08-15;Maison;22.99
2026-10-03;Sport;28.97
2026-10-03;Jeux;142.51
2026-10-02;Musique;244.98
2026-08-28;Papeterie;43.63
2026-10-07;Cinema;193.17
2026-09-02;Livres;220.54
2026-09-29;Informatique;135.61
2026-08-30;Maison;219.01
2026-08-21;Sport;237.27
2026-10-08;Jeux;95.25
2026-09-05;Musique;116.22
2026-10-01;Papeterie;190.37
2026-08-11;Cinema;70.71
2026-09-25;Livres;216.19
2026-08-14;Informatique;74.48
2026-10-01;Maison;115.72
2026-08-28;Sport;38.64
2026-09-09;Jeux;189.12
2026-09-16;Musique;141.61
2026-10-11;Papeterie;200.55
2026-09-10;Cinema;10.48
2026-09-21;Livres;90.54
2026-09-05;Informatique;112.35
2026-08-31;Maison;3.00
2026-09-21;Sport;47.94
2026-08-24;Jeux;23.80
2026-09-26;Musique;243.80
2026-10-11;Papeterie;31.06
2026-09-17;Cinema;124.27
2026-08-22;Livres;149.65
2026-09-01;Informatique;52.57
2026-08-28;Maison;103.11
2026-09-03;Sport;186.98
2026-10-04;Jeux;18.23
2026-09-25;Musique;52.58
2026-10-08;Papeterie;221.84
2026-10-04;Cinema;90.16
2026-08-19;Livres;217.90
2026-08-21;Informatique;160.14
2026-08-19;Maison;136.71
2026-09-10;Sport;71.63
2026-08-10;Jeux;38.29
2026-08-31;Musique;141.87
2026-09-30;Papeterie;93.81
2026-08-13;Cinema;173.66
2026-09-05;Livres;15.88
2026-09-16;Informatique;130.51
2026-10-07;Maison;3.51
2026-09-18;Sport;99.76
2026-09-17;Jeux;45.96
2026-09-12;Musique;95.84
2026-09-03;Papeterie;40.31
2026-10-14;Cinema;163.98
2026-08-20;Livres;58.57
2026-09-28;Informatique;125.58
2026-09-15;Maison;164.92
2026-08-30;Sport;24.61
2026-08-25;Jeux;244.15
2026-10-09;Musique;143.94
2026-10-12;Papeterie;151.65
2026-10-05;Cinema;103.58
2026-08-21;Livres;188.89
2026-08-24;Informatique;233.48
2026-08-22;Maison;95.86
2026-09-30;Sport;133.72
2026-10-12;Jeux;107.42
2026-09-23;Musique;203.54
2026-08-17;Papeterie;226.97
2026-08-29;Cinema;29.87
2026-08-20;Livres;35.68
2026-09-13;Informatique;143.76
2026-08-24;Maison;172.69
2026-10-04;Sport;130.68
2026-09-05;Jeux;245.38
2026-09-01;Musique;73.60
2026-09-02;Papeterie;56.09
2026-10-05;Cinema;168.27
2026-09-30;Livres;174.86
2026-08-10;Informatique;64.53
2026-08-31;Maison;116.04
2026-09-26;Sport;78.42
2026-10-01;Jeux;48.98
2026-09-12;Musique;65.64
2026-09-22;Papeterie;198.39
2026-09-25;Cinema;249.75
2026-10-05;Livres;59.04
2026-08-12;Informatique;153.02
2026-08-18;Maison;224.19
2026-09-03;Sport;206.52
2026-09-04;Jeux;50.46
2026-08-19;Musique;23.37
2026-08-15;Papeterie;145.90
2026-09-06;Cinema;91.00
2026-10-07;Livres;116.32
2026-08-11;Informatique;25.31
2026-09-05;Maison;152.30
2026-08-18;Sport;13.32
2026-10-07;Jeux;121.82
2026-09-08;Musique;26.14
2026-10-03;Papeterie;202.52
2026-08-11;Cinema;126.98
2026-08-16;Livres;191.16
2026-10-09;Informatique;148.36
2026-09-20;Maison;106.35
2026-08-15;Sport;165.28
2026-09-25;Jeux;21.27
2026-08-18;Musique;34.91
2026-09-01;Papeterie;235.06
2026-10-04;Cinema;166.33
2026-09-22;Livres;13.82
2026-09-13;Informatique;232.87
2026-08-19;Maison;144.98
2026-09-24;Sport;120.24
2026-08-28;Jeux;93.69
2026-08-26;Musique;134.94
2026-09-01;Papeterie;223.46
2026-10-08;Cinema;207.72
2026-09-02;Livres;22.59
2026-09-02;Informatique;31.96
2026-08-26;Maison;94.10
2026-09-12;Sport;238.15
2026-09-25;Jeux;110.23
2026-10-04;Musique;191.95
2026-09-26;Papeterie;115.62
2026-09-05;Cinema;215.97
2026-08-25;Livres;43.25
2026-10-04;Informatique;102.44
2026-08-27;Maison;211.85
2026-09-02;Sport;42.87
2026-10-03;Jeux;212.68
2026-08-21;Musique;167.62
2026-08-29;Papeterie;6.97
2026-08-29;Cinema;102.20
2026-09-21;Livres;71.18
2026-09-01;Informatique;160.34
2026-09-20;Maison;75.23
2026-09-27;Sport;51.77
2026-10-05;Jeux;97.92
2026-10-02;Musique;167.35
2026-10-10;Papeterie;217.90
2026-09-01;Cinema;203.51
2026-09-28;Livres;196.70
2026-08-27;Informatique;51.54
2026-09-24;Maison;60.25
2026-09-23;Sport;237.31
2026-08-19;Jeux;15.31
2026-08-23;Musique;120.37
2026-09-14;Papeterie;146.55
2026-09-08;Cinema;247.54
2026-08-18;Livres;77.67
2026-09-14;Informatique;102.40
2026-08-15;Maison;64.57
2026-08-28;Sport;223.26
2026-08-19;Jeux;152.28
2026-09-08;Musique;126.13
2026-08-11;Papeterie;173.83
2026-08-22;Cinema;54.10
2026-09-19;Livres;199.13
2026-09-27;Informatique;82.92
2026-10-08;Maison;211.10
2026-08-14;Sport;122.63
2026-10-01;Jeux;234.11
2026-09-29;Musique;94.40
2026-10-04;Papeterie;53.53
2026-09-10;Cinema;148.23
2026-08-10;Livres;49.28
2026-08-20;Informatique;31.05
2026-09-16;Maison;148.82
2026-08-31;Sport;9.73
2026-08-22;Jeux;18.45
2026-08-25;Musique;165.49
2026-08-28;Papeterie;78.25
2026-08-26;Cinema;27.74
2026-08-28;Livres;74.57
2026-10-11;Informatique;105.42
2026-10-02;Maison;235.19
2026-09-02;Sport;48.85
2026-09-27;Jeux;13.55
2026-09-08;Musique;155.81
2026-09-27;Papeterie;249.65
2026-08-15;Cinema;147.99
2026-10-14;Livres;26.96
2026-10-12;Informatique;84.86
2026-09-17;Maison;49.99
2026-08-21;Sport;37.43
2026-09-08;Jeux;78.86
2026-09-06;Musique;40.92
2026-10-08;Papeterie;79.13
2026-08-22;Cinema;210.37
2026-08-17;Livres;21.58
2026-09-30;Informatique;164.78
2026-10-12;Maison;208.07
2026-08-10;Sport;189.43
2026-09-14;Jeux;236.45
2026-09-26;Musique;96.44
2026-08-21;Papeterie;1.51
2026-08-30;Cinema;79.82
2026-08-22;Livres;62.37
2026-10-04;Informatique;172.53
2026-08-29;Maison;23.17
2026-08-11;Sport;167.33
2026-10-12;Jeux;128.94
2026-08-15;Musique;15.26
2026-08-26;Papeterie;123.32
2026-09-12;Cinema;245.88
2026-10-12;Livres;118.01
2026-10-06;Informatique;113.98
2026-09-14;Maison;241.17
2026-10-01;Sport;191.67
2026-09-02;Jeux;44.71
2026-10-09;Musique;116.44
2026-09-01;Papeterie;211.63
2026-09-22;Cinema;225.35
2026-08-16;Livres;228.86
2026-08-14;Informatique;208.00
2026-09-21;Maison;45.18
2026-10-06;Sport;235.63
2026-08-17;Jeux;13.11
2026-09-07;Musique;67.05
2026-10-09;Papeterie;66.36
2026-10-09;Cinema;104.41
2026-09-05;Livres;169.88
2026-08-25;Informatique;178.94
2026-08-15;Maison;84.00
2026-10-10;Sport;247.83
2026-09-20;Jeux;94.75
2026-08-30;Musique;16.66
2026-09-02;Papeterie;90.52
2026-09-29;Cinema;121.59
2026-08-20;Livres;132.07
2026-08-19;Informatique;127.69
2026-09-01;Maison;62.21
2026-08-12;Sport;227.77
2026-08-12;Jeux;121.37
2026-09-10;Musique;28.07
2026-08-21;Papeterie;26.86
2026-08-20;Cinema;198.41
2026-09-21;Livres;179.74
2026-09-07;Informatique;106.25
2026-10-01;Maison;27.23
2026-09-03;Sport;217.57
2026-09-07;Jeux;101.43
2026-08-18;Musique;198.46
2026-08-21;Papeterie;55.60
2026-08-19;Cinema;116.19
2026-08-18;Livres;14.87
2026-08-30;Informatique;202.47
2026-08-20;Maison;90.96
2026-10-07;Sport;25.58
2026-08-24;Jeux;120.04
2026-08-10;Musique;246.72
2026-09-24;Papeterie;11.20
2026-09-26;Cinema;200.08
2026-08-19;Livres;12.40
2026-09-28;Informatique;23.03
2026-09-14;Maison;212.40
2026-08-29;Sport;119.66
2026-08-26;Jeux;186.87
2026-10-10;Musique;199.27
2026-09-25;Papeterie;223.51
2026-08-18;Cinema;122.55
2026-08-28;Livres;146.47
2026-10-05;Informatique;189.06
2026-09-27;Maison;174.49
2026-08-29;Sport;131.42
2026-09-04;Jeux;213.84
2026-09-09;Musique;82.79
2026-09-30;Papeterie;9.49
2026-09-21;Cinema;164.52
2026-08-26;Livres;185.04
2026-09-29;Informatique;86.77
2026-09-11;Maison;231.69
2026-08-18;Sport;71.31
2026-09-08;Jeux;228.40
2026-08-13;Musique;66.59
2026-09-29;Papeterie;45.47
2026-10-05;Cinema;149.12
2026-09-22;Livres;234.75
2026-08-19;Informatique;29.76
2026-09-04;Maison;219.83
2026-08-31;Sport;233.50
2026-10-06;Jeux;181.22
2026-09-07;Musique;99.28
2026-09-24;Papeterie;234.24
2026-09-22;Cinema;119.45
2026-08-10;Livres;74.47
2026-09-29;Informatique;66.85
2026-09-27;Maison;78.57
2026-08-12;Sport;9.61
2026-08-29;Jeux;182.54
2026-08-28;Musique;154.15
2026-09-28;Papeterie;201.52
2026-10-03;Cinema;22.54
2026-09-05;Livres;131.46
2026-08-14;Informatique;173.25
2026-08-23;Maison;135.16
2026-10-05;Sport;42.06
2026-09-04;Jeux;211.48
2026-10-05;Musique;148.44
2026-08-16;Papeterie;223.85
2026-08-31;Cinema;43.05
2026-09-21;Livres;43.28
2026-08-20;Informatique;165.77
2026-10-07;Maison;41.68
2026-09-25;Sport;100.65
2026-09-23;Jeux;54.07
2026-09-03;Musique;233.43
2026-09-16;Papeterie;114.38
2026-09-08;Cinema;26.84
2026-09-12;Livres;65.32
2026-09-09;Informatique;42.01
2026-09-06;Maison;202.33
2026-10-03;Sport;165.68
2026-09-23;Jeux;194.92
2026-09-25;Musique;57.09
2026-09-01;Papeterie;185.68
2026-10-09;Cinema;10.29
2026-10-04;Livres;15.89
2026-09-11;Informatique;214.36
2026-09-18;Maison;188.47
2026-08-22;Sport;203.54
2026-10-11;Jeux;164.19
2026-09-07;Musique;211.34
2026-09-06;Papeterie;159.25
2026-09-13;Cinema;225.45
